<?xml version="1.0" encoding="UTF-8"?>
<plannerBenchmark>
  <benchmarkDirectory>local/data/cloudbalancing/scoreDirector</benchmarkDirectory>

  <inheritedSolverBenchmark>
    <problemBenchmarks>
      <xStreamAnnotatedClass>org.optaplanner.examples.cloudbalancing.domain.CloudBalance</xStreamAnnotatedClass>
      <!--<inputSolutionFile>data/cloudbalancing/unsolved/2computers-6processes.xml</inputSolutionFile>-->
      <!--<inputSolutionFile>data/cloudbalancing/unsolved/3computers-9processes.xml</inputSolutionFile>-->
      <!--<inputSolutionFile>data/cloudbalancing/unsolved/4computers-12processes.xml</inputSolutionFile>-->
      <inputSolutionFile>data/cloudbalancing/unsolved/100computers-300processes.xml</inputSolutionFile>
      <inputSolutionFile>data/cloudbalancing/unsolved/200computers-600processes.xml</inputSolutionFile>
      <inputSolutionFile>data/cloudbalancing/unsolved/400computers-1200processes.xml</inputSolutionFile>
      <inputSolutionFile>data/cloudbalancing/unsolved/800computers-2400processes.xml</inputSolutionFile>
    </problemBenchmarks>

    <solver>
      <solutionClass>org.optaplanner.examples.cloudbalancing.domain.CloudBalance</solutionClass>
      <entityClass>org.optaplanner.examples.cloudbalancing.domain.CloudProcess</entityClass>
      <scoreDirectorFactory>
        <initializingScoreTrend>ONLY_DOWN/ONLY_DOWN</initializingScoreTrend>
      </scoreDirectorFactory>
      <termination>
        <minutesSpentLimit>20</minutesSpentLimit>
      </termination>
      <constructionHeuristic>
        <constructionHeuristicType>FIRST_FIT_DECREASING</constructionHeuristicType>
      </constructionHeuristic>
      <localSearch>
        <unionMoveSelector>
          <changeMoveSelector/>
          <swapMoveSelector/>
        </unionMoveSelector>
        <acceptor>
          <entityTabuSize>7</entityTabuSize>
        </acceptor>
        <forager>
          <acceptedCountLimit>1000</acceptedCountLimit>
        </forager>
      </localSearch>
    </solver>
  </inheritedSolverBenchmark>

  <solverBenchmark>
    <name>TS with Easy Java</name>
    <solver>
      <scoreDirectorFactory>
        <easyScoreCalculatorClass>org.optaplanner.examples.cloudbalancing.optional.score.CloudBalancingEasyScoreCalculator</easyScoreCalculatorClass>
      </scoreDirectorFactory>
    </solver>
  </solverBenchmark>
  <solverBenchmark>
    <name>TS with Incremental Java</name>
    <solver>
      <scoreDirectorFactory>
        <incrementalScoreCalculatorClass>org.optaplanner.examples.cloudbalancing.optional.score.CloudBalancingIncrementalScoreCalculator</incrementalScoreCalculatorClass>
      </scoreDirectorFactory>
    </solver>
  </solverBenchmark>
  <solverBenchmark>
    <name>TS with Drools</name>
    <solver>
      <scoreDirectorFactory>
        <scoreDrl>org/optaplanner/examples/cloudbalancing/solver/cloudBalancingScoreRules.drl</scoreDrl>
      </scoreDirectorFactory>
    </solver>
  </solverBenchmark>
</plannerBenchmark>
