<?xml version="1.0" encoding="UTF-8"?>
<plannerBenchmark>
  <benchmarkDirectory>local/data/cloudbalancing/stepLimit</benchmarkDirectory>
  <warmUpSecondsSpentLimit>0</warmUpSecondsSpentLimit>

  <inheritedSolverBenchmark>
    <problemBenchmarks>
      <xStreamAnnotatedClass>org.optaplanner.examples.cloudbalancing.domain.CloudBalance</xStreamAnnotatedClass>
      <inputSolutionFile>data/cloudbalancing/unsolved/100computers-300processes.xml</inputSolutionFile>
    </problemBenchmarks>

    <solver>
      <solutionClass>org.optaplanner.examples.cloudbalancing.domain.CloudBalance</solutionClass>
      <entityClass>org.optaplanner.examples.cloudbalancing.domain.CloudProcess</entityClass>
      <scoreDirectorFactory>
        <scoreDrl>org/optaplanner/examples/cloudbalancing/solver/cloudBalancingScoreRules.drl</scoreDrl>
        <initializingScoreTrend>ONLY_DOWN/ONLY_DOWN</initializingScoreTrend>
      </scoreDirectorFactory>
    </solver>
  </inheritedSolverBenchmark>

  <solverBenchmark>
    <solver>
      <constructionHeuristic>
        <constructionHeuristicType>FIRST_FIT_DECREASING</constructionHeuristicType>
      </constructionHeuristic>
      <localSearch>
        <termination>
          <stepCountLimit>1000</stepCountLimit>
        </termination>
        <unionMoveSelector>
          <changeMoveSelector/>
          <swapMoveSelector/>
          <pillarChangeMoveSelector/>
          <pillarSwapMoveSelector/>
        </unionMoveSelector>
        <acceptor>
          <entityTabuSize>7</entityTabuSize>
        </acceptor>
        <forager>
          <acceptedCountLimit>1000</acceptedCountLimit>
        </forager>
      </localSearch>
    </solver>
  </solverBenchmark>
</plannerBenchmark>
