<?xml version="1.0" encoding="UTF-8"?>
<plannerBenchmark>
  <benchmarkDirectory>local/data/nqueens/scoreDirector</benchmarkDirectory>

  <inheritedSolverBenchmark>
    <problemBenchmarks>
      <xStreamAnnotatedClass>org.optaplanner.examples.nqueens.domain.NQueens</xStreamAnnotatedClass>
      <inputSolutionFile>data/nqueens/unsolved/32queens.xml</inputSolutionFile>
      <inputSolutionFile>data/nqueens/unsolved/64queens.xml</inputSolutionFile>
      <inputSolutionFile>data/nqueens/unsolved/256queens.xml</inputSolutionFile>
    </problemBenchmarks>
    <solver>
      <solutionClass>org.optaplanner.examples.nqueens.domain.NQueens</solutionClass>
      <entityClass>org.optaplanner.examples.nqueens.domain.Queen</entityClass>
      <scoreDirectorFactory>
        <initializingScoreTrend>ONLY_DOWN</initializingScoreTrend>
      </scoreDirectorFactory>
      <termination>
        <bestScoreLimit>0</bestScoreLimit>
      </termination>
      <constructionHeuristic>
        <constructionHeuristicType>FIRST_FIT_DECREASING</constructionHeuristicType>
      </constructionHeuristic>
      <localSearch>
        <changeMoveSelector>
          <selectionOrder>ORIGINAL</selectionOrder>
        </changeMoveSelector>
        <acceptor>
          <entityTabuSize>5</entityTabuSize>
        </acceptor>
        <forager>
        </forager>
      </localSearch>
    </solver>
  </inheritedSolverBenchmark>

  <solverBenchmark>
    <name>TS with Easy Java</name>
    <solver>
      <scoreDirectorFactory>
        <easyScoreCalculatorClass>org.optaplanner.examples.nqueens.solver.score.NQueensEasyScoreCalculator</easyScoreCalculatorClass>
      </scoreDirectorFactory>
    </solver>
  </solverBenchmark>
  <solverBenchmark>
    <name>TS with Basic Incremental Java</name>
    <solver>
      <scoreDirectorFactory>
        <incrementalScoreCalculatorClass>org.optaplanner.examples.nqueens.solver.score.NQueensBasicIncrementalScoreCalculator</incrementalScoreCalculatorClass>
      </scoreDirectorFactory>
    </solver>
  </solverBenchmark>
  <solverBenchmark>
    <name>TS with Advanced Incremental Java</name>
    <solver>
      <scoreDirectorFactory>
        <incrementalScoreCalculatorClass>org.optaplanner.examples.nqueens.solver.score.NQueensAdvancedIncrementalScoreCalculator</incrementalScoreCalculatorClass>
      </scoreDirectorFactory>
    </solver>
  </solverBenchmark>
  <solverBenchmark>
    <name>TS with Drools</name>
    <solver>
      <scoreDirectorFactory>
        <scoreDrl>org/optaplanner/examples/nqueens/solver/nQueensScoreRules.drl</scoreDrl>
      </scoreDirectorFactory>
    </solver>
  </solverBenchmark>
</plannerBenchmark>
