<?xml version="1.0" encoding="UTF-8"?>
<plannerBenchmark>
  <benchmarkDirectory>local/data/examination/stepLimit</benchmarkDirectory>
  <warmUpSecondsSpentLimit>0</warmUpSecondsSpentLimit>

  <inheritedSolverBenchmark>
    <problemBenchmarks>
      <xStreamAnnotatedClass>org.optaplanner.examples.examination.domain.Examination</xStreamAnnotatedClass>
      <inputSolutionFile>data/examination/unsolved/exam_comp_set1_initialized.xml</inputSolutionFile>
    </problemBenchmarks>

    <solver>
      <solutionClass>org.optaplanner.examples.examination.domain.Examination</solutionClass>
      <entityClass>org.optaplanner.examples.examination.domain.Exam</entityClass>
      <entityClass>org.optaplanner.examples.examination.domain.LeadingExam</entityClass>
      <entityClass>org.optaplanner.examples.examination.domain.FollowingExam</entityClass>
      <scoreDirectorFactory>
        <scoreDrl>org/optaplanner/examples/examination/solver/examinationScoreRules.drl</scoreDrl>
      </scoreDirectorFactory>
    </solver>
  </inheritedSolverBenchmark>

  <solverBenchmark>
    <solver>
      <localSearch>
        <termination>
          <stepCountLimit>100</stepCountLimit>
        </termination>
        <unionMoveSelector>
          <cartesianProductMoveSelector>
            <changeMoveSelector>
              <entitySelector id="cartesianProductEntitySelector">
                <entityClass>org.optaplanner.examples.examination.domain.Exam</entityClass>
              </entitySelector>
              <valueSelector variableName="room"/>
            </changeMoveSelector>
            <changeMoveSelector>
              <entitySelector mimicSelectorRef="cartesianProductEntitySelector"/>
              <valueSelector variableName="period">
                <downcastEntityClass>org.optaplanner.examples.examination.domain.LeadingExam</downcastEntityClass>
              </valueSelector>
            </changeMoveSelector>
          </cartesianProductMoveSelector>
          <swapMoveSelector>
            <entitySelector>
              <entityClass>org.optaplanner.examples.examination.domain.LeadingExam</entityClass>
            </entitySelector>
          </swapMoveSelector>
        </unionMoveSelector>
        <acceptor>
          <entityTabuSize>10</entityTabuSize>
        </acceptor>
        <forager>
          <acceptedCountLimit>2000</acceptedCountLimit>
        </forager>
      </localSearch>
    </solver>
  </solverBenchmark>
</plannerBenchmark>
