<?xml version="1.0" encoding="UTF-8"?>
<solver>
  <!--<environmentMode>FULL_ASSERT</environmentMode>--><!-- To slowly prove there are no bugs in this code -->
  <!--<moveThreadCount>AUTO</moveThreadCount>--><!-- To solve faster by saturating multiple CPU cores -->

  <solutionClass>org.optaplanner.examples.pas.domain.PatientAdmissionSchedule</solutionClass>
  <entityClass>org.optaplanner.examples.pas.domain.BedDesignation</entityClass>

  <scoreDirectorFactory>
    <scoreDrl>org/optaplanner/examples/pas/solver/patientAdmissionScheduleScoreRules.drl</scoreDrl>
  </scoreDirectorFactory>

  <termination>
    <minutesSpentLimit>5</minutesSpentLimit>
  </termination>
  <constructionHeuristic>
    <constructionHeuristicType>WEAKEST_FIT_DECREASING</constructionHeuristicType>
  </constructionHeuristic>
  <localSearch>
    <unionMoveSelector>
      <changeMoveSelector/>
      <!--<swapMoveSelector/>-->
      <!--<pillarSwapMoveSelector/>-->
      <moveListFactory>
        <moveListFactoryClass>org.optaplanner.examples.pas.solver.move.factory.BedDesignationPillarPartSwapMoveFactory</moveListFactoryClass>
      </moveListFactory>
    </unionMoveSelector>
    <acceptor>
      <entityTabuSize>7</entityTabuSize>
    </acceptor>
    <forager>
      <acceptedCountLimit>1000</acceptedCountLimit>
    </forager>
  </localSearch>
</solver>
