<?xml version="1.0" encoding="UTF-8"?>
<solver>
  <!--<environmentMode>FULL_ASSERT</environmentMode>--><!-- To slowly prove there are no bugs in this code -->
  <!--<moveThreadCount>AUTO</moveThreadCount>--><!-- To solve faster by saturating multiple CPU cores -->

  <solutionClass>org.optaplanner.examples.rocktour.domain.RockTourSolution</solutionClass>
  <entityClass>org.optaplanner.examples.rocktour.domain.RockShow</entityClass>
  <entityClass>org.optaplanner.examples.rocktour.domain.RockStandstill</entityClass>

  <scoreDirectorFactory>
    <scoreDrl>org/optaplanner/examples/rocktour/solver/rockTourScoreRules.drl</scoreDrl>
  </scoreDirectorFactory>

  <!--<termination>-->
    <!--<minutesSpentLimit>5</minutesSpentLimit>-->
  <!--</termination>-->
  <constructionHeuristic/>
  <localSearch>
    <unionMoveSelector>
      <changeMoveSelector/>
      <swapMoveSelector/>
      <tailChainSwapMoveSelector/>
      <subChainChangeMoveSelector/>
      <subChainSwapMoveSelector/>
      <!-- TODO use nearby selection to scale out -->
    </unionMoveSelector>
  </localSearch>
</solver>
