<?xml version="1.0" encoding="UTF-8"?>
<plannerBenchmark>
  <benchmarkDirectory>local/data/travelingtournament/stepLimit</benchmarkDirectory>
  <warmUpSecondsSpentLimit>0</warmUpSecondsSpentLimit>

  <inheritedSolverBenchmark>
    <problemBenchmarks>
      <xStreamAnnotatedClass>org.optaplanner.examples.travelingtournament.domain.TravelingTournament</xStreamAnnotatedClass>
      <inputSolutionFile>data/travelingtournament/unsolved/1-nl14.xml</inputSolutionFile>
    </problemBenchmarks>
  </inheritedSolverBenchmark>

  <solverBenchmark>
    <solver>
      <solutionClass>org.optaplanner.examples.travelingtournament.domain.TravelingTournament</solutionClass>
      <entityClass>org.optaplanner.examples.travelingtournament.domain.Match</entityClass>
      <scoreDirectorFactory>
        <scoreDrl>org/optaplanner/examples/travelingtournament/solver/travelingTournamentScoreRules.drl</scoreDrl>
      </scoreDirectorFactory>
      <termination>
        <stepCountLimit>100</stepCountLimit>
      </termination>
      <localSearch>
        <unionMoveSelector>
          <swapMoveSelector>
            <cacheType>PHASE</cacheType>
            <selectionOrder>SHUFFLED</selectionOrder>
            <filterClass>org.optaplanner.examples.travelingtournament.solver.move.factory.InverseMatchSwapMoveFilter</filterClass>
          </swapMoveSelector>
          <moveListFactory>
            <cacheType>STEP</cacheType>
            <selectionOrder>SHUFFLED</selectionOrder>
            <moveListFactoryClass>org.optaplanner.examples.travelingtournament.solver.move.factory.MatchChainRotationsMoveFactory</moveListFactoryClass>
          </moveListFactory>
        </unionMoveSelector>
        <acceptor>
          <solutionTabuSize>1500</solutionTabuSize>
          <moveTabuSize>7</moveTabuSize>
        </acceptor>
        <forager>
        </forager>
      </localSearch>
    </solver>
  </solverBenchmark>
</plannerBenchmark>
