<?xml version="1.0" encoding="UTF-8"?>
<plannerBenchmark>
  <benchmarkDirectory>local/data/nurserostering/stepLimit</benchmarkDirectory>
  <warmUpSecondsSpentLimit>0</warmUpSecondsSpentLimit>

  <inheritedSolverBenchmark>
    <problemBenchmarks>
      <xStreamAnnotatedClass>org.optaplanner.examples.nurserostering.domain.NurseRoster</xStreamAnnotatedClass>
      <inputSolutionFile>data/nurserostering/unsolved/medium_late01_initialized.xml</inputSolutionFile>
    </problemBenchmarks>

    <solver>
      <!--<environmentMode>FAST_ASSERT</environmentMode>-->
      <solutionClass>org.optaplanner.examples.nurserostering.domain.NurseRoster</solutionClass>
      <entityClass>org.optaplanner.examples.nurserostering.domain.ShiftAssignment</entityClass>
      <scoreDirectorFactory>
        <scoreDrl>org/optaplanner/examples/nurserostering/solver/nurseRosteringScoreRules.drl</scoreDrl>
      </scoreDirectorFactory>
    </solver>
  </inheritedSolverBenchmark>

  <solverBenchmark>
    <solver>
      <constructionHeuristic>
        <constructionHeuristicType>WEAKEST_FIT</constructionHeuristicType>
      </constructionHeuristic>
      <localSearch>
        <termination>
          <stepCountLimit>100</stepCountLimit>
        </termination>
        <unionMoveSelector>
          <moveListFactory>
            <cacheType>PHASE</cacheType>
            <moveListFactoryClass>org.optaplanner.examples.nurserostering.solver.move.factory.EmployeeChangeMoveFactory</moveListFactoryClass>
          </moveListFactory>
          <moveListFactory>
            <cacheType>PHASE</cacheType>
            <moveListFactoryClass>org.optaplanner.examples.nurserostering.solver.move.factory.ShiftAssignmentSwapMoveFactory</moveListFactoryClass>
          </moveListFactory>
        </unionMoveSelector>
        <acceptor>
          <moveTabuSize>7</moveTabuSize>
        </acceptor>
        <forager>
          <acceptedCountLimit>1000</acceptedCountLimit>
        </forager>
      </localSearch>
    </solver>
  </solverBenchmark>
</plannerBenchmark>
