<?xml version="1.0" encoding="UTF-8"?>
<plannerBenchmark>
  <benchmarkDirectory>local/data/machinereassignment/stepLimit</benchmarkDirectory>
  <warmUpSecondsSpentLimit>0</warmUpSecondsSpentLimit>

  <inheritedSolverBenchmark>
    <problemBenchmarks>
      <solutionFileIOClass>org.optaplanner.examples.machinereassignment.persistence.MachineReassignmentFileIO</solutionFileIOClass>
      <inputSolutionFile>data/machinereassignment/import/model_a1_4.txt</inputSolutionFile>
    </problemBenchmarks>

    <solver>
      <!--<environmentMode>FAST_ASSERT</environmentMode>-->
      <solutionClass>org.optaplanner.examples.machinereassignment.domain.MachineReassignment</solutionClass>
      <entityClass>org.optaplanner.examples.machinereassignment.domain.MrProcessAssignment</entityClass>

      <scoreDirectorFactory>
        <incrementalScoreCalculatorClass>org.optaplanner.examples.machinereassignment.solver.score.MachineReassignmentIncrementalScoreCalculator</incrementalScoreCalculatorClass>
        <!--<scoreDrl>org/optaplanner/examples/machinereassignment/solver/machineReassignmentScoreRules.drl</scoreDrl>-->
      </scoreDirectorFactory>
    </solver>
  </inheritedSolverBenchmark>

  <solverBenchmark>
    <solver>
      <customPhase>
        <customPhaseCommandClass>org.optaplanner.examples.machinereassignment.solver.solution.initializer.ToOriginalMachineSolutionInitializer</customPhaseCommandClass>
      </customPhase>
      <localSearch>
        <termination>
          <stepCountLimit>3000</stepCountLimit>
        </termination>
        <unionMoveSelector>
          <changeMoveSelector/>
          <swapMoveSelector/>
        </unionMoveSelector>
        <acceptor>
          <entityTabuSize>5</entityTabuSize>
        </acceptor>
        <forager>
          <acceptedCountLimit>1000</acceptedCountLimit>
        </forager>
      </localSearch>
    </solver>
  </solverBenchmark>
</plannerBenchmark>
