<?xml version="1.0" encoding="UTF-8"?>
<solver>
  <!--<environmentMode>FULL_ASSERT</environmentMode>--><!-- To slowly prove there are no bugs in this code -->
  <!--<moveThreadCount>AUTO</moveThreadCount>--><!-- To solve faster by saturating multiple CPU cores -->

  <solutionClass>org.optaplanner.examples.nurserostering.domain.NurseRoster</solutionClass>
  <entityClass>org.optaplanner.examples.nurserostering.domain.ShiftAssignment</entityClass>

  <scoreDirectorFactory>
    <scoreDrl>org/optaplanner/examples/nurserostering/solver/nurseRosteringScoreRules.drl</scoreDrl>
  </scoreDirectorFactory>

  <termination>
    <minutesSpentLimit>5</minutesSpentLimit>
  </termination>
  <constructionHeuristic>
    <constructionHeuristicType>WEAKEST_FIT</constructionHeuristicType>
  </constructionHeuristic>
  <localSearch>
    <unionMoveSelector>
      <moveListFactory>
        <cacheType>PHASE</cacheType>
        <moveListFactoryClass>org.optaplanner.examples.nurserostering.solver.move.factory.EmployeeChangeMoveFactory</moveListFactoryClass>
      </moveListFactory>
      <moveListFactory>
        <cacheType>PHASE</cacheType>
        <moveListFactoryClass>org.optaplanner.examples.nurserostering.solver.move.factory.ShiftAssignmentSwapMoveFactory</moveListFactoryClass>
      </moveListFactory>
      <moveListFactory>
        <cacheType>STEP</cacheType>
        <moveListFactoryClass>org.optaplanner.examples.nurserostering.solver.move.factory.ShiftAssignmentPillarPartSwapMoveFactory</moveListFactoryClass>
      </moveListFactory>
      <!--<moveListFactory>-->
        <!--<cacheType>STEP</cacheType>-->
        <!--<moveListFactoryClass>org.optaplanner.examples.nurserostering.solver.move.factory.ShiftAssignmentSequenceSwitchLength2MoveFactory</moveListFactoryClass>-->
      <!--</moveListFactory>-->
      <!--<moveListFactory>-->
        <!--<cacheType>STEP</cacheType>-->
        <!--<moveListFactoryClass>org.optaplanner.examples.nurserostering.solver.move.factory.ShiftAssignmentSequenceSwitchLength3MoveFactory</moveListFactoryClass>-->
      <!--</moveListFactory>-->
    </unionMoveSelector>
    <acceptor>
      <entityTabuSize>7</entityTabuSize>
    </acceptor>
    <forager>
      <acceptedCountLimit>800</acceptedCountLimit>
    </forager>
  </localSearch>
</solver>
