<?xml version="1.0" encoding="UTF-8"?>
<plannerBenchmark>
  <benchmarkDirectory>local/data/vehiclerouting/stepLimit</benchmarkDirectory>
  <warmUpSecondsSpentLimit>0</warmUpSecondsSpentLimit>

  <inheritedSolverBenchmark>
    <problemBenchmarks>
      <solutionFileIOClass>org.optaplanner.examples.vehiclerouting.persistence.VehicleRoutingFileIO</solutionFileIOClass>
      <inputSolutionFile>data/vehiclerouting/import/vrpweb/basic/air/A-n32-k5.vrp</inputSolutionFile>
    </problemBenchmarks>

    <solver>
      <!--<environmentMode>FAST_ASSERT</environmentMode>-->
      <solutionClass>org.optaplanner.examples.vehiclerouting.domain.VehicleRoutingSolution</solutionClass>
      <entityClass>org.optaplanner.examples.vehiclerouting.domain.Standstill</entityClass>
      <entityClass>org.optaplanner.examples.vehiclerouting.domain.Customer</entityClass>
      <entityClass>org.optaplanner.examples.vehiclerouting.domain.timewindowed.TimeWindowedCustomer</entityClass>

      <scoreDirectorFactory>
        <scoreDrl>org/optaplanner/examples/vehiclerouting/solver/vehicleRoutingScoreRules.drl</scoreDrl>
        <initializingScoreTrend>ONLY_DOWN</initializingScoreTrend>
      </scoreDirectorFactory>
    </solver>
  </inheritedSolverBenchmark>

  <solverBenchmark>
    <solver>
      <constructionHeuristic>
        <constructionHeuristicType>FIRST_FIT_DECREASING</constructionHeuristicType>
      </constructionHeuristic>
      <localSearch>
        <termination>
          <stepCountLimit>100</stepCountLimit>
        </termination>
        <unionMoveSelector>
          <changeMoveSelector/>
          <swapMoveSelector/>
          <subChainChangeMoveSelector>
            <selectReversingMoveToo>false</selectReversingMoveToo>
          </subChainChangeMoveSelector>
          <subChainSwapMoveSelector>
            <selectReversingMoveToo>false</selectReversingMoveToo>
          </subChainSwapMoveSelector>
        </unionMoveSelector>
        <acceptor>
          <entityTabuSize>9</entityTabuSize>
        </acceptor>
        <forager>
          <acceptedCountLimit>2000</acceptedCountLimit>
        </forager>
      </localSearch>
    </solver>
  </solverBenchmark>
</plannerBenchmark>
