<?xml version="1.0" encoding="UTF-8"?>
<solver>
  <!--<environmentMode>FULL_ASSERT</environmentMode>--><!-- To slowly prove there are no bugs in this code -->
  <!--<moveThreadCount>AUTO</moveThreadCount>--><!-- To solve faster by saturating multiple CPU cores -->

  <solutionClass>org.optaplanner.examples.flightcrewscheduling.domain.FlightCrewSolution</solutionClass>
  <entityClass>org.optaplanner.examples.flightcrewscheduling.domain.FlightAssignment</entityClass>
  <entityClass>org.optaplanner.examples.flightcrewscheduling.domain.Employee</entityClass>

  <scoreDirectorFactory>
    <scoreDrl>org/optaplanner/examples/flightcrewscheduling/solver/flightCrewSchedulingScoreRules.drl</scoreDrl>
  </scoreDirectorFactory>

  <!--<termination>-->
    <!--<minutesSpentLimit>5</minutesSpentLimit>-->
  <!--</termination>-->
  <constructionHeuristic/>
  <localSearch>
    <unionMoveSelector>
      <changeMoveSelector/>
      <swapMoveSelector/>
      <!-- TODO Use a sorted pillar to heavily improve feasibility and solution quality https://issues.jboss.org/browse/PLANNER-1217 -->
      <!--<pillarChangeMoveSelector/>-->
      <!--<pillarSwapMoveSelector/>-->
    </unionMoveSelector>
  </localSearch>
</solver>
