<?xml version="1.0" encoding="UTF-8"?>
<solver>
  <!--<environmentMode>FULL_ASSERT</environmentMode>--><!-- To slowly prove there are no bugs in this code -->
  <!--<moveThreadCount>AUTO</moveThreadCount>--><!-- To solve faster by saturating multiple CPU cores -->

  <solutionClass>org.optaplanner.examples.conferencescheduling.domain.ConferenceSolution</solutionClass>
  <entityClass>org.optaplanner.examples.conferencescheduling.domain.Talk</entityClass>

  <scoreDirectorFactory>
    <scoreDrl>org/optaplanner/examples/conferencescheduling/solver/conferenceSchedulingScoreRules.drl</scoreDrl>
  </scoreDirectorFactory>

  <!--<termination>-->
    <!--<minutesSpentLimit>5</minutesSpentLimit>-->
  <!--</termination>-->
</solver>
