<?xml version="1.0" encoding="UTF-8"?>
<solver>
  <!--<environmentMode>FULL_ASSERT</environmentMode>--><!-- To slowly prove there are no bugs in this code -->
  <!--<moveThreadCount>AUTO</moveThreadCount>--><!-- To solve faster by saturating multiple CPU cores -->

  <solutionClass>org.optaplanner.examples.projectjobscheduling.domain.Schedule</solutionClass>
  <entityClass>org.optaplanner.examples.projectjobscheduling.domain.Allocation</entityClass>

  <scoreDirectorFactory>
    <incrementalScoreCalculatorClass>org.optaplanner.examples.projectjobscheduling.solver.score.ProjectJobSchedulingIncrementalScoreCalculator</incrementalScoreCalculatorClass>
    <!--<scoreDrl>org/optaplanner/examples/projectjobscheduling/solver/projectJobSchedulingScoreRules.drl</scoreDrl>-->
  </scoreDirectorFactory>
  <termination>
    <minutesSpentLimit>5</minutesSpentLimit>
  </termination>

  <constructionHeuristic>
    <constructionHeuristicType>FIRST_FIT</constructionHeuristicType>
  </constructionHeuristic>
  <localSearch>
    <unionMoveSelector>
      <changeMoveSelector>
        <valueSelector variableName="executionMode"/>
      </changeMoveSelector>
      <changeMoveSelector>
        <valueSelector variableName="delay"/>
      </changeMoveSelector>
    </unionMoveSelector>
    <acceptor>
      <entityTabuRatio>0.2</entityTabuRatio>
      <lateAcceptanceSize>500</lateAcceptanceSize>
    </acceptor>
    <forager>
      <acceptedCountLimit>4</acceptedCountLimit>
    </forager>
  </localSearch>
</solver>
